feature_name,importance
median_income,0.4308449919652156
INLAND,0.17115536050617805
latitude,0.1186938977342068
longitude,0.11464421733821563
housing_median_age,0.04040700489987812
population,0.039321316682623876
total_rooms,0.028339249270812994
total_bedrooms,0.026212888646786267
households,0.02035802508972002
NEAR OCEAN,0.005240005894653137
<1H OCEAN,0.0032087117974357463
NEAR BAY,0.0015743301742737789
